{
  "am2.bosses.EntityAirGuardian": [
    "hostile"
  ],
  "am2.bosses.EntityArcaneGuardian": [
    "hostile"
  ],
  "am2.bosses.EntityEarthGuardian": [
    "hostile"
  ],
  "am2.bosses.EntityFireGuardian": [
    "fireImmunity",
    "hostile"
  ],
  "am2.bosses.EntityNatureGuardian": [
    "hostile"
  ],
  "am2.bosses.EntityWaterGuardian": [
    "hostile"
  ],
  "am2.bosses.EntityWinterGuardian": [
    "hostile"
  ],
  "am2.entities.EntityBattleChicken": [
    "float|-0.114,true",
    "hostile"
  ],
  "am2.entities.EntityDarkling": [
    "hostile"
  ],
  "am2.entities.EntityDarkMage": [
    "hostile"
  ],
  "am2.entities.EntityDryad": [
    ""
  ],
  "am2.entities.EntityEarthElemental": [
    "hostile"
  ],
  "am2.entities.EntityFireElemental": [
    "fireImmunity",
    "hostile"
  ],
  "am2.entities.EntityHecate": [
    "sunburn",
    "hostile"
  ],
  "am2.entities.EntityHellCow": [
    "hostile"
  ],
  "am2.entities.EntityLightMage": [
    "hostile"
  ],
  "am2.entities.EntityMageVillager": [
    ""
  ],
  "am2.entities.EntityManaCreeper": [
    "hostile"
  ],
  "am2.entities.EntityManaElemental": [
    "hostile"
  ],
  "am2.entities.EntityWaterElemental": [
    "hostile"
  ],
  "biomesoplenty.common.entities.EntityBird": [
    "fly|true"
  ],
  "biomesoplenty.common.entities.EntityGlob": [
    "hostile"
  ],
  "biomesoplenty.common.entities.EntityJungleSpider": [
    "climb",
    "hostile"
  ],
  "biomesoplenty.common.entities.EntityPhantom": [
    "float|-0.114,true",
    "hostile"
  ],
  "biomesoplenty.common.entities.EntityPixie": [
    "fly|true"
  ],
  "biomesoplenty.common.entities.EntityRosester": [
    "float|-0.114,true"
  ],
  "biomesoplenty.common.entities.EntityWasp": [
    "fly|true",
    "hostile"
  ],
  "com.xcompwiz.mystcraft.entity.EntityLinkbook": [
    "waterAllergy"
  ],
  "com.emoniph.witchery.entity.EntityOwl": [
    "fly|true"
  ],
  "com.emoniph.witchery.entity.EntityBabaYaga": [
    "hostile"
  ],
  "com.emoniph.witchery.entity.EntityBroom": [
    "fly|true"
  ],
  "com.emoniph.witchery.entity.EntityCorpse": [
    "hostile"
  ],
  "com.emoniph.witchery.entity.EntityDemon": [
    "hostile"
  ],
  "com.emoniph.witchery.entity.EntityEnt": [
    "hostile"
  ],
  "com.emoniph.witchery.entity.EntityNightmare": [
    "fly|true",
    "hostile"
  ],
  "com.emoniph.witchery.entity.EntityToad": [
    "fallNegate"
  ],
  "com.emoniph.witchery.entity.EntityTreefyd": [
    "hostile"
  ],
  "com.emoniph.witchery.entity.EntityParasyticLouse": [
    "hostile"
  ],
  "danger.orespawn.Basilisk": [
    "hostile",
    "step|2F"
  ],
  "danger.orespawn.Cephadrome": [
    "hostile",
    "fly|true",
    "step|1F"
  ],
  "danger.orespawn.Kraken": [
    "fly|false",
    "swim|true",
    "poisonResistance",
    "hostile"
  ],
  "danger.orespawn.WaterDragon": [
    "hostile",
    "swim|true,1.8F,0.6F,true"
  ],
  "danger.orespawn.Godzilla": [
    "step|4F",
    "swim|true",
    "fallNegate",
    "fireImmunity",
    "poisonResistance",
    "witherResistance",
    "hostile"
  ],
  "danger.orespawn.Fairy": [
    "fly|true",
    "waterAllergy"
  ],
  "danger.orespawn.EntityUnstableAnt": [
    "waterAllergy"
  ],
  "danger.orespawn.Lizard": [
    "swim|true"
  ],
  "danger.orespawn.Whale": [
    "swim|false,1F,1F,true"
  ],
  "danger.orespawn.Alosaurus": [
    "hostile",
    "step|1F"
  ],
  "danger.orespawn.Bee": [
    "fly|true",
    "waterAllergy"
  ],
  "danger.orespawn.Ostrich": [
    "float|-0.114,true",
    "step|1F"
  ],
  "danger.orespawn.Alien": [
    "hostile",
    "fallNegate",
    "climb"
  ],
  "danger.orespawn.Beaver": [
    "swim|true"
  ],
  "danger.orespawn.EntityButterfly": [
    "fly|true",
    "waterAllergy"
  ],
  "danger.orespawn.Firefly": [
    "fly|true",
    "waterAllergy"
  ],
  "danger.orespawn.Hydrolisc": [
    "swim|true",
    "fireImmunity"
  ],
  "danger.orespawn.Girlfriend": [
    "swim|true",
    "step|1F"
  ],
  "danger.orespawn.Kyuubi": [
    "step|1F",
    "fallNegate",
    "hostile"
  ],
  "danger.orespawn.EmperorScorpion": [
    "hostile",
    "waterAllergy",
    "fallNegate"
  ],
  "danger.orespawn.Tshirt": [
    "waterAllergy",
    "float|-0.114,true"
  ],
  "danger.orespawn.Vortex": [
    "swim|true",
    "hostile",
    "fly|false",
    "float|-0.114,true",
    "fireImmunity",
    "climb"
  ],
  "danger.orespawn.Triffid": [
    "fallNegate",
    "swim|true",
    "hostile",
    "step|1F"
  ],
  "danger.orespawn.Spyro": [
    "fly|true",
    "hostile"
  ],
  "danger.orespawn.Dragon": [
    "hostile",
    "fireImmunity",
    "fly|true"
  ],
  "danger.orespawn.Mothra": [
    "hostile",
    "waterAllergy",
    "fly|true"
  ],
  "danger.orespawn.Dragonfly": [
    "fly|true",
    "waterAllergy"
  ],
  "danger.orespawn.PitchBlack": [
    "fly|true",
    "hostile"
  ],
  "danger.orespawn.Robot1": [
    "hostile",
    "waterAllergy"
  ],
  "danger.orespawn.WormSmall": [
    "hostile"
  ],
  "danger.orespawn.WormMedium": [
    "hostile"
  ],
  "danger.orespawn.WormLarge": [
    "hostile",
    "fallNegate",
    "step|1F"
  ],
  "danger.orespawn.AttackSquid": [
    "swim|false",
    "hostile"
  ],
  "danger.orespawn.Baronyx": [
    "step|1F",
    "fallNegate"
  ],
  "danger.orespawn.Cassowary": [
    "float|-0.114,true"
  ],
  "danger.orespawn.CloudShark": [
    "fly|true",
    "hostile"
  ],
  "danger.orespawn.Cockateil": [
    "fly|true"
  ],
  "danger.orespawn.CaveFisher": [
    "hostile",
    "climb"
  ],
  "danger.orespawn.CliffRacer": [
    "fly|true"
  ],
  "danger.orespawn.CreepingHorror": [
    "hostile",
    "climb"
  ],
  "danger.orespawn.DungeonBeast": [
    "hostile"
  ],
  "danger.orespawn.Elevator": [
    "hostile",
    "fly|false"
  ],
  "danger.orespawn.EnchantedCow": [
    "fireImmunity",
    "poisonResistance"
  ],
  "danger.orespawn.EnderKnight": [
    "hostile",
    "waterAllergy"
  ],
  "danger.orespawn.EnderReaper": [
    "hostile",
    "waterAllergy",
    "fly|true"
  ],
  "danger.orespawn.EntityAnt": [
    "waterAllergy"
  ],
  "danger.orespawn.EntityLunaMoth": [
    "fly|true",
    "waterAllergy"
  ],
  "danger.orespawn.EntityMosquito": [
    "hostile",
    "fly|true"
  ],
  "danger.orespawn.EntityRainbowAnt": [
    "waterAllergy"
  ],
  "danger.orespawn.EntityRedAnt": [
    "hostile",
    "waterAllergy"
  ],
  "danger.orespawn.Flounder": [
    "swim|false,1.8F,0.6F,true"
  ],
  "danger.orespawn.GammaMetroid": [
    "hostile"
  ],
  "danger.orespawn.Gazelle": [
    "step|1F"
  ],
  "danger.orespawn.Ghost": [
    "fly|false",
    "fireImmunity",
    "hostile"
  ],
  "danger.orespawn.GhostSkelly": [
    "float|-0.114,true",
    "hostile"
  ],
  "danger.orespawn.HerculesBeetle": [
    "fallNegate",
    "hostile"
  ],
  "danger.orespawn.Mantis": [
    "hostile",
    "fly|true"
  ],
  "danger.orespawn.Robot5": [
    "fallNegate",
    "hostile",
    "step|1F"
  ],
  "danger.orespawn.TRex": [
    "hostile",
    "step|1F"
  ],
  "danger.orespawn.GoldFish": [
    "fly|false"
  ],
  "danger.orespawn.Island": [
    "fly|false",
    "hostile"
  ],
  "danger.orespawn.IslandToo": [
    "fly|false",
    "hostile"
  ],
  "danger.orespawn.LeafMonster": [
    "swim|true",
    "hostile"
  ],
  "danger.orespawn.LurkingTerror": [
    "hostile",
    "fly|true"
  ],
  "danger.orespawn.Peacock": [
    "float|-0.114,true"
  ],
  "danger.orespawn.Robot2": [
    "hostile",
    "fallNegate"
  ],
  "danger.orespawn.Robot3": [
    "hostile",
    "fallNegate"
  ],
  "danger.orespawn.Robot4": [
    "hostile",
    "fallNegate"
  ],
  "danger.orespawn.Rotator": [
    "hostile",
    "fly|false",
    "poisonResistance"
  ],
  "danger.orespawn.RubyBird": [
    "fly|true"
  ],
  "danger.orespawn.Scorpion": [
    "hostile",
    "climb",
    "waterAllergy"
  ],
  "danger.orespawn.Skate": [
    "hostile",
    "fallNegate",
    "swim|true,1.8F,0.6F,true"
  ],
  "danger.orespawn.SpitBug": [
    "fireImmunity",
    "hostile",
    "step|1F",
    "fallNegate"
  ],
  "danger.orespawn.StinkBug": [
    "hostile",
    "climb"
  ],
  "danger.orespawn.Stinky": [
    "fly|true",
    "fireImmunity"
  ],
  "danger.orespawn.Termite": [
    "hostile",
    "climb",
    "swim|true"
  ],
  "danger.orespawn.TerribleTerror": [
    "hostile",
    "fly|true"
  ],
  "danger.orespawn.TrooperBug": [
    "hostile",
    "climb",
    "fallNegate"
  ],
  "danger.orespawn.TheKing": [
    "step|4F",
    "swim|true",
    "fly|true",
    "fireImmunity",
    "poisonResistance",
    "witherResistance",
    "hostile"
  ],
  "danger.orespawn.ThePrince": [
    "fly|true"
  ],
  "danger.orespawn.Urchin": [
    "swim|true",
    "hostile"
  ],
  "danger.orespawn.VelocityRaptor": [
    "fallNegate"
  ],
  "drzhark.mocreatures.entity.ambient.MoCEntityBee": [
    "fly|false",
    "waterAllergy"
  ],
  "drzhark.mocreatures.entity.ambient.MoCEntityButterfly": [
    "fly|false"
  ],
  "drzhark.mocreatures.entity.ambient.MoCEntityDragonfly": [
    "fly|false"
  ],
  "drzhark.mocreatures.entity.ambient.MoCEntityFirefly": [
    "fly|false"
  ],
  "drzhark.mocreatures.entity.ambient.MoCEntityFly": [
    "fly|false"
  ],
  "drzhark.mocreatures.entity.aquatic.MoCEntityDolphin": [
    "swim|false,1.8F,0.6F,true",
    "hostile"
  ],
  "drzhark.mocreatures.entity.MoCEntityFlyerMob": [
    "fly|true"
  ],
  "drzhark.mocreatures.entity.aquatic.MoCEntityFishy": [
    "swim|false,1.4F,0.5F,true"
  ],
  "drzhark.mocreatures.entity.aquatic.MoCEntityJellyFish": [
    "swim|false,1F,0.2F,true",
    "hostile"
  ],
  "drzhark.mocreatures.entity.aquatic.MoCEntityMediumFish": [
    "swim|false,1.3F,0.4F,true"
  ],
  "drzhark.mocreatures.entity.aquatic.MoCEntityPiranha": [
    "swim|false,1.5F,0.4F,true",
    "hostile"
  ],
  "drzhark.mocreatures.entity.aquatic.MoCEntityRay": [
    "swim|false,1.2F,0.2F,true",
    "hostile"
  ],
  "drzhark.mocreatures.entity.aquatic.MoCEntityShark": [
    "swim|false,1.7F,0.6F,true",
    "hostile"
  ],
  "drzhark.mocreatures.entity.aquatic.MoCEntitySmallFish": [
    "swim|false,1.2F,0.3F,true"
  ],
  "drzhark.mocreatures.entity.monster.MoCEntityFlameWraith": [
    "fly|false",
    "hostile",
    "fireImmunity"
  ],
  "drzhark.mocreatures.entity.monster.MoCEntityGolem": [
    "hostile"
  ],
  "drzhark.mocreatures.entity.monster.MoCEntityHellRat": [
    "hostile",
    "fireImmunity"
  ],
  "drzhark.mocreatures.entity.monster.MoCEntityMiniGolem": [
    "hostile",
    "sunburn"
  ],
  "drzhark.mocreatures.entity.monster.MoCEntityOgre": [
    "hostile"
  ],
  "drzhark.mocreatures.entity.monster.MoCEntityRat": [
    "hostile"
  ],
  "drzhark.mocreatures.entity.monster.MoCEntityScorpion": [
    "climb",
    "hostile"
  ],
  "drzhark.mocreatures.entity.monster.MoCEntitySilverSkeleton": [
    "hostile",
    "sunburn",
    "poisonResistance"
  ],
  "drzhark.mocreatures.entity.monster.MoCEntityWereWolf": [
    "hostile"
  ],
  "drzhark.mocreatures.entity.monster.MoCEntityWraith": [
    "hostile",
    "sunburn",
    "fly|false"
  ],
  "drzhark.mocreatures.entity.monster.MoCEntityWWolf": [
    "hostile"
  ],
  "drzhark.mocreatures.entity.passive.MoCEntityBird": [
    "fly|false"
  ],
  "drzhark.mocreatures.entity.passive.MoCEntityWyvern": [
    "fly|false"
  ],
  "erebus.entity.EntityAntlion": [
    "hostile"
  ],
  "erebus.entity.EntityBlackWidow": [
    "climb",
    "hostile",
    "step|1F"
  ],
  "erebus.entity.EntityBombardierBeetle": [
    "hostile"
  ],
  "erebus.entity.EntityBotFly": [
    "fly|true",
    "hostile"
  ],
  "erebus.entity.EntityCentipede": [
    "hostile"
  ],
  "erebus.entity.EntityErebusSpider": [
    "hostile",
    "climb"
  ],
  "erebus.entity.EntityErebusSpiderMoney": [
    "hostile",
    "climb"
  ],
  "erebus.entity.EntityFirebrat": [
    "hostile",
    "fireImmunity"
  ],
  "erebus.entity.EntityFly": [
    "fly|true"
  ],
  "erebus.entity.EntityGrasshopper": [
    "fallNegate",
    "float|-0.3,true"
  ],
  "erebus.entity.EntityLocust": [
    "fallNegate",
    "float|-0.3,true",
    "hostile"
  ],
  "erebus.entity.EntityMosquito": [
    "fly|true",
    "hostile"
  ],
  "erebus.entity.EntityMoth": [
    "fly|true"
  ],
  "erebus.entity.EntityScorpion": [
    "hostile",
    "climb"
  ],
  "erebus.entity.EntitySolifuge": [
    "hostile",
    "climb"
  ],
  "erebus.entity.EntityTarantula": [
    "hostile",
    "climb"
  ],
  "erebus.entity.EntityVelvetWorm": [
    "hostile"
  ],
  "erebus.entity.EntityWasp": [
    "hostile",
    "fly|true"
  ],
  "gaia.entity.EntityGaiaAnubis": [
    "hostile"
  ],
  "gaia.entity.EntityGaiaBanshee": [
    "hostile",
    "sunburn",
    "fly|false"
  ],
  "gaia.entity.EntityGaiaBaphomet": [
    "hostile",
    "fireImmunity",
    "witherResistance"
  ],
  "gaia.entity.EntityGaiaBoneKnight": [
    "hostile",
    "sunburn"
  ],
  "gaia.entity.EntityGaiaCentaur": [
    "step|1F"
  ],
  "gaia.entity.EntityGaiaCobbleGolem": [
    "hostile",
    "swim|true,0.7F,1F,false"
  ],
  "gaia.entity.EntityGaiaCobblestoneGolem": [
    "hostile",
    "swim|true,0.7F,1F,false"
  ],
  "gaia.entity.EntityGaiaCockatrice": [
    "hostile",
    "float|-0.114,true"
  ],
  "gaia.entity.EntityGaiaCreep": [
    "hostile"
  ],
  "gaia.entity.EntityGaiaCyclops": [
    "hostile",
    "step|2F",
    "fallNegate"
  ],
  "gaia.entity.EntityGaiaDryad": [
    "poisonResistance"
  ],
  "gaia.entity.EntityGaiaDullahan": [
    "hostile"
  ],
  "gaia.entity.EntityGaiaEnderDragonGirl": [
    "hostile",
    "waterAllergy",
    "fly|false"
  ],
  "gaia.entity.EntityGaiaEnderEye": [
    "hostile",
    "waterAllergy",
    "fly|false"
  ],
  "gaia.entity.EntityGaiaFleshLich": [
    "hostile",
    "sunburn",
    "poisonResistance"
  ],
  "gaia.entity.EntityGaiaFutakuchiOnna": [
    "hostile"
  ],
  "gaia.entity.EntityGaiaGigaKnight": [
    "hostile",
    "swim|true,1F,1F,false"
  ],
  "gaia.entity.EntityGaiaGryphon": [
    "fly|true"
  ],
  "gaia.entity.EntityGaiaHarpy": [
    "hostile",
    "fly|true"
  ],
  "gaia.entity.EntityGaiaJorogumo": [
    "hostile",
    "climb",
    "poisonResistance"
  ],
  "gaia.entity.EntityGaiaMandragora": [
    "poisonResistance"
  ],
  "gaia.entity.EntityGaiaMermaid": [
    "swim|true,1.2F,1F,true"
  ],
  "gaia.entity.EntityGaiaMimic": [
    "hostile"
  ],
  "gaia.entity.EntityGaiaMinotaur": [
    "hostile",
    "fireImmunity",
    "fallNegate",
    "step|1F"
  ],
  "gaia.entity.EntityGaiaMinotaurus": [
    "hostile",
    "step|1F"
  ],
  "gaia.entity.EntityGaiaMummy": [
    "hostile",
    "sunburn"
  ],
  "gaia.entity.EntityGaiaNaga": [
    "hostile",
    "swim|true,1.2F,1F,true"
  ],
  "gaia.entity.EntityGaiaNineTails": [
    "hostile",
    "fireImmunity"
  ],
  "gaia.entity.EntityGaiaSahuagin": [
    "hostile",
    "swim|true,1.2F,1F,true"
  ],
  "gaia.entity.EntityGaiaSalamander": [
    "hostile",
    "step|1F",
    "fireImmunity"
  ],
  "gaia.entity.EntityGaiaSelkie": [
    "hostile",
    "swim|true,1.2F,1F,true"
  ],
  "gaia.entity.EntityGaiaShaman": [
    "hostile"
  ],
  "gaia.entity.EntityGaiaSharko": [
    "hostile",
    "swim|true,1.2F,1F,true"
  ],
  "gaia.entity.EntityGaiaSiren": [
    "hostile",
    "swim|true,1.2F,1F,true"
  ],
  "gaia.entity.EntityGaiaSludgeGirl": [
    "hostile",
    "fallNegate"
  ],
  "gaia.entity.EntityGaiaSphinx": [
    "hostile",
    "fireImmunity",
    "fly|true"
  ],
  "gaia.entity.EntityGaiaSpriggan": [
    "hostile"
  ],
  "gaia.entity.EntityGaiaSuccubus": [
    "hostile",
    "fly|false",
    "fireImmunity"
  ],
  "gaia.entity.EntityGaiaValkyrie": [
    "hostile",
    "fireImmunity",
    "fly|false",
    "step|1F"
  ],
  "gaia.entity.EntityGaiaVampire": [
    "hostile",
    "sunburn",
    "fly|false"
  ],
  "gaia.entity.EntityGaiaWerecat": [
    "hostile",
    "step|1F",
    "fallNegate",
    "climb"
  ],
  "gaia.entity.EntityGaiaWitch": [
    "hostile",
    "poisonResistance",
    "fly|false"
  ],
  "gaia.entity.EntityGaiaWitherCow": [
    "hostile",
    "witherResistance"
  ],
  "gaia.entity.EntityGaiaYeti": [
    "hostile",
    "step|1F"
  ],
  "gaia.entity.EntityGaiaYukiOnna": [
    "hostile",
    "float|-0.114,true"
  ],
  "gravestone.entity.monster.EntitySkeletonCat": [
    "hostile",
    "sunburn"
  ],
  "gravestone.entity.monster.EntitySkeletonDog": [
    "hostile",
    "sunburn"
  ],
  "gravestone.entity.monster.EntityZombieCat": [
    "hostile",
    "sunburn"
  ],
  "gravestone.entity.monster.EntityZombieDog": [
    "hostile",
    "sunburn"
  ],
  "koi.Entitykoi": [
    "swim|false,1.2F,0.3F,true"
  ],
  "littlebreadloaf.bleach.entities.EntityDecoy": [
    "fireImmunity",
    "hostile"
  ],
  "littlebreadloaf.bleach.entities.EntityFisher": [
    "fireImmunity",
    "hostile"
  ],
  "littlebreadloaf.bleach.entities.EntityHollowBat": [
    "fireImmunity",
    "hostile",
    "fly|true"
  ],
  "littlebreadloaf.bleach.entities.EntityHollowBlaze": [
    "fireImmunity",
    "hostile",
    "fly|true",
    "waterAllergy"
  ],
  "littlebreadloaf.bleach.entities.EntityHollowGolem": [
    "fireImmunity",
    "hostile"
  ],
  "littlebreadloaf.bleach.entities.EntityHollowOre": [
    "fireImmunity",
    "hostile"
  ],
  "littlebreadloaf.bleach.entities.EntityHollowSnake": [
    "fireImmunity",
    "hostile"
  ],
  "littlebreadloaf.bleach.entities.EntityHollowSpider": [
    "fireImmunity",
    "hostile",
    "climb"
  ],
  "littlebreadloaf.bleach.entities.EntityHollowStalker": [
    "fireImmunity",
    "hostile"
  ],
  "littlebreadloaf.bleach.entities.EntityHollowWasp": [
    "fireImmunity",
    "hostile",
    "fly|true",
    "fallNegate"
  ],
  "littlebreadloaf.bleach.entities.EntityHollowWolf": [
    "fireImmunity",
    "hostile"
  ],
  "littlebreadloaf.bleach.entities.EntityMenosGrande": [
    "fireImmunity",
    "hostile"
  ],
  "littlebreadloaf.bleach.entities.EntityShinigami": [
    ""
  ],
  "littlebreadloaf.bleach.entities.EntitySmallHollowLizard": [
    "fireImmunity",
    "hostile",
    "climb"
  ],
  "lom.LotsOMobsEntity.EntityAnt": [
    "climb"
  ],
  "lom.LotsOMobsEntity.EntityBear": [
    "hostile"
  ],
  "lom.LotsOMobsEntity.EntityBird": [
    "fly|true"
  ],
  "lom.LotsOMobsEntity.EntityBirdy": [
    "fly|true"
  ],
  "lom.LotsOMobsEntity.EntityButterfly": [
    "fly|true"
  ],
  "lom.LotsOMobsEntity.EntityCroco": [
    "hostile"
  ],
  "lom.LotsOMobsEntity.EntityFireFly": [
    "fly|true"
  ],
  "lom.LotsOMobsEntity.EntityFishy": [
    "swim|false,1.2F,1F,true"
  ],
  "lom.LotsOMobsEntity.EntityFly": [
    "fly|true"
  ],
  "lom.LotsOMobsEntity.EntityBee": [
    "fly|true"
  ],
  "lom.LotsOMobsEntity.EntityIceBear": [
    "hostile"
  ],
  "lom.LotsOMobsEntity.EntityGekko": [
    "climb"
  ],
  "lom.LotsOMobsEntity.EntityLizard": [
    "climb"
  ],
  "lom.LotsOMobsEntity.EntityKakkerlak": [
    "climb"
  ],
  "lom.LotsOMobsEntity.EntityLion": [
    "hostile"
  ],
  "lom.LotsOMobsEntity.EntityNarwal": [
    "swim|false,1F,1F,true"
  ],
  "lom.LotsOMobsEntity.EntityPterosaurus": [
    "fly|true"
  ],
  "lom.LotsOMobsEntity.EntityRaptor": [
    "hostile"
  ],
  "lom.LotsOMobsEntity.EntitySaberTooth": [
    "hostile"
  ],
  "lom.LotsOMobsEntity.EntitySnake": [
    "hostile"
  ],
  "lom.LotsOMobsEntity.EntitySquirrel": [
    "climb",
    "fallNegate"
  ],
  "lom.LotsOMobsEntity.EntityTRex": [
    "hostile"
  ],
  "lom.LotsOMobsEntity.EntityTropicalFishy": [
    "swim|false,1.2F,1F,true"
  ],
  "lom.LotsOMobsEntity.EntityTurtle": [
    "swim|false,1F,1F,true"
  ],
  "lom.LotsOMobsEntity.EntityVulture": [
    "fly|true"
  ],
  "lom.LotsOMobsEntity.EntityWhale": [
    "swim|false,1F,1F,true"
  ],
  "lom.LotsOMobsEntity.EntitySanta": [
    "fly|true"
  ],
  "lom.LotsOMobsEntity.EntityGorilla": [
    "hostile"
  ],
  "lycanite.lycanitesmobs.demonmobs.entity.EntityAsmodi": [
    "fireImmunity",
    "hostile"
  ],
  "lycanite.lycanitesmobs.demonmobs.entity.EntityBehemoth": [
    "step|1F",
    "fireImmunity",
    "hostile"
  ],
  "lycanite.lycanitesmobs.demonmobs.entity.EntityBelph": [
    "fireImmunity",
    "hostile"
  ],
  "lycanite.lycanitesmobs.demonmobs.entity.EntityCacodemon": [
    "fireImmunity",
    "waterAllergy",
    "fly|true",
    "hostile"
  ],
  "lycanite.lycanitesmobs.demonmobs.entity.EntityNetherSoul": [
    "fireImmunity",
    "waterAllergy",
    "fly|true",
    "hostile"
  ],
  "lycanite.lycanitesmobs.demonmobs.entity.EntityPinky": [
    "hostile"
  ],
  "lycanite.lycanitesmobs.demonmobs.entity.EntityTrite": [
    "climb",
    "witherResistance",
    "fireImmunity",
    "hostile"
  ],
  "lycanite.lycanitesmobs.desertmobs.entity.EntityClink": [
    "hostile"
  ],
  "lycanite.lycanitesmobs.desertmobs.entity.EntityManticore": [
    "fireImmunity",
    "waterAllergy",
    "fly|true",
    "hostile"
  ],
  "lycanite.lycanitesmobs.desertmobs.entity.EntityCrusk": [
    "hostile"
  ],
  "lycanite.lycanitesmobs.desertmobs.entity.EntityCryptZombie": [
    "hostile"
  ],
  "lycanite.lycanitesmobs.desertmobs.entity.EntityErepede": [
    "hostile"
  ],
  "lycanite.lycanitesmobs.desertmobs.entity.EntityGorgomite": [
    "hostile"
  ],
  "lycanite.lycanitesmobs.desertmobs.entity.EntityJoust": [
    "hostile"
  ],
  "lycanite.lycanitesmobs.desertmobs.entity.EntityJoustAlpha": [
    "hostile"
  ],
  "lycanite.lycanitesmobs.swampmobs.entity.EntityAspid": [
    "swim|true,1.5F,1.5F,false",
    "poisonResistance"
  ],
  "lycanite.lycanitesmobs.swampmobs.entity.EntityDweller": [
    "swim|false,1.5F,1.5F,true",
    "hostile"
  ],
  "lycanite.lycanitesmobs.swampmobs.entity.EntityEttin": [
    "step|1F",
    "hostile"
  ],
  "lycanite.lycanitesmobs.swampmobs.entity.EntityEyewig": [
    "climb",
    "hostile"
  ],
  "lycanite.lycanitesmobs.swampmobs.entity.EntityGhoulZombie": [
    "sunburn",
    "poisonResistance",
    "hostile"
  ],
  "lycanite.lycanitesmobs.swampmobs.entity.EntityLurker": [
    "climb",
    "hostile"
  ],
  "lycanite.lycanitesmobs.swampmobs.entity.EntityRemobra": [
    "poisonResistance",
    "fly|true",
    "hostile"
  ],
  "lycanite.lycanitesmobs.plainsmobs.entity.EntityVentoraptor": [
    "float|-0.114,true",
    "hostile"
  ],
  "lycanite.lycanitesmobs.plainsmobs.entity.EntityKobold": [
    "hostile"
  ],
  "lycanite.lycanitesmobs.junglesmobs.entity.EntityUvaraptor": [
    "float|-0.114,true",
    "hostile"
  ],
  "mods.dungeonMobs.EntityAhriman": [
    "witherResistance",
    "poisonResistance",
    "waterAllergy",
    "fireImmunity",
    "fly|true",
    "hostile"
  ],
  "mods.dungeonMobs.EntityCaveFisher": [
    "climb",
    "hostile"
  ],
  "mods.dungeonMobs.EntityCockatrice": [
    "hostile"
  ],
  "mods.dungeonMobs.EntityDestrachan": [
    "hostile"
  ],
  "mods.dungeonMobs.EntityGhoul": [
    "sunburn",
    "hostile"
  ],
  "mods.dungeonMobs.EntityHookHorror": [
    "hostile"
  ],
  "mods.dungeonMobs.EntityIllithid": [
    "hostile"
  ],
  "mods.dungeonMobs.EntityLizalfos": [
    "hostile",
    "fallNegate",
    "step|1F"
  ],
  "mods.dungeonMobs.EntityManticore": [
    "hostile"
  ],
  "mods.dungeonMobs.EntityNetherHound": [
    "fireImmunity",
    "waterAllergy",
    "hostile"
  ],
  "mods.dungeonMobs.EntityRakshasa": [
    "hostile"
  ],
  "mods.dungeonMobs.EntityRustMonster": [
    "hostile"
  ],
  "mods.dungeonMobs.EntityShrieker": [
    "hostile"
  ],
  "mods.dungeonMobs.EntityThoqqua": [
    "climb",
    "fireImmunity",
    "hostile"
  ],
  "mods.dungeonMobs.EntityTroll": [
    "witherResistance",
    "poisonResistance",
    "hostile"
  ],
  "mods.dungeonMobs.EntityUmberHulk": [
    "fireImmunity",
    "hostile"
  ],
  "mods.natura.entity.BabyHeatscarSpider": [
    "climb",
    "fireImmunity",
    "hostile"
  ],
  "mods.natura.entity.HeatscarSpider": [
    "climb",
    "fireImmunity",
    "hostile"
  ],
  "mods.natura.entity.ImpEntity": [
    "fireImmunity",
    "hostile"
  ],
  "mods.natura.entity.NitroCreeper": [
    "fireImmunity",
    "hostile"
  ],
  "morenature.entity.water.EntityWhale": [
    "swim|false,1F,1F,true"
  ],
  "morenature.entity.water.EntitySwimming": [
    "swim|false,1F,1F,true"
  ],
  "morenature.entity.water.EntityFish": [
    "swim|false,1F,1F,true"
  ],
  "morenature.entity.water.EntityAngler": [
    "swim|false,1F,1F,true",
    "hostile"
  ],
  "morenature.entity.passive.EntityWingedBug": [
    "fly|true"
  ],
  "morenature.entity.passive.EntitySnake": [
    "hostile"
  ],
  "morenature.entity.passive.EntityCentipede": [
    "hostile"
  ],
  "morenature.entity.passive.EntityBird": [
    "fly|true",
    "float|-0.114,true"
  ],
  "net.aetherteam.aether.entities.EntityAerwhale": [
    "fly|true"
  ],
  "net.aetherteam.aether.entities.EntityAechorPlant": [
    "poisonResistance",
    "hostile"
  ],
  "net.aetherteam.aether.entities.EntityCockatrice": [
    "hostile",
    "poisonResistance",
    "float|-0.114,true"
  ],
  "net.aetherteam.aether.entities.EntityNewZephyr": [
    "hostile",
    "float|-0.114,true"
  ],
  "net.aetherteam.aether.entities.EntitySentry": [
    "hostile"
  ],
  "net.aetherteam.aether.entities.EntitySentryGolem": [
    "hostile"
  ],
  "net.aetherteam.aether.entities.EntitySheepuff": [
    "float|-0.114,true"
  ],
  "net.aetherteam.aether.entities.EntityTempest": [
    "fly|false",
    "hostile",
    "fireImmunity"
  ],
  "net.aetherteam.aether.entities.EntityZephyr": [
    "hostile",
    "fly|true"
  ],
  "net.aetherteam.aether.entities.bosses.EntityCog": [
    "hostile",
    "fly|false",
    "fireImmunity"
  ],
  "net.aetherteam.aether.entities.bosses.EntityHostEye": [
    "hostile",
    "fireImmunity"
  ],
  "net.aetherteam.aether.entities.bosses.EntityMiniSlider": [
    "hostile",
    "fireImmunity"
  ],
  "net.aetherteam.aether.entities.bosses.EntitySentryGuardian": [
    "hostile",
    "fireImmunity"
  ],
  "net.aetherteam.aether.entities.bosses.EntitySlider": [
    "hostile",
    "fireImmunity",
    "fallNegate"
  ],
  "net.aetherteam.aether.entities.mounts.EntityAerbunny": [
    "float|-0.114,true"
  ],
  "net.aetherteam.aether.entities.mounts.EntityFlyingCow": [
    "fly|true"
  ],
  "net.aetherteam.aether.entities.mounts.EntityMoa": [
    "fly|true",
    "float|-0.114,true"
  ],
  "net.aetherteam.aether.entities.mounts.EntityPhyg": [
    "fly|true"
  ],
  "net.aetherteam.aether.entities.mounts.EntitySwet": [
    "fallNegate"
  ],
  "noppes.animalbikes.entity.EntityDragonBike": [
    "fly|true",
    "hostile"
  ],
  "noppes.animalbikes.entity.EntityPonyFlyingBike": [
    "fly|true"
  ],
  "noppes.animalbikes.entity.EntityNotchBike": [
    "hostile"
  ],
  "noppes.animalbikes.entity.EntityGhastBike": [
    "fly|true",
    "hostile"
  ],
  "noppes.animalbikes.entity.EntityCreeperBike": [
    "hostile"
  ],
  "noppes.animalbikes.entity.EntityEnderBike": [
    "hostile"
  ],
  "noppes.animalbikes.entity.EntityChocoboBike": [
    "float|-0.114,true"
  ],
  "noppes.animalbikes.entity.EntityChineseDragonBike": [
    "fly|true"
  ],
  "noppes.animalbikes.entity.EntityChickenBike": [
    "float|-0.114,true"
  ],
  "noppes.animalbikes.entity.EntityBatBike": [
    "fly|true"
  ],
  "noppes.animalbikes.entity.EntitySquidBike": [
    "swim|false"
  ],
  "noppes.animalbikes.entity.EntitySlimeBike": [
    "hostile"
  ],
  "noppes.animalbikes.entity.types.EntityRidableSwimming": [
    "swim|false"
  ],
  "noppes.animalbikes.entity.types.EntityRidableFlying": [
    "fly|true"
  ],
  "sekwah.mods.NarutoMod.Entitys.EntityPuppet": [
    "fly|false"
  ],
  "sekwah.mods.NarutoMod.Entitys.EntityRogueNinja": [
    "fallNegate",
    "hostile"
  ],
  "sekwah.mods.NarutoMod.Entitys.EntityBandit": [
    "hostile"
  ],
  "tconstruct.entity.BlueSlime": [
    "hostile"
  ],
  "thaumcraft.common.entities.golems.EntityGolemBase": [
    "swim|true,1F,1F,false"
  ],
  "thaumcraft.common.entities.monster.EntityBrainyZombie": [
    "sunburn",
    "hostile"
  ],
  "thaumcraft.common.entities.monster.EntityFireBat": [
    "fireImmunity",
    "waterAllergy",
    "fly|true",
    "hostile"
  ],
  "thaumcraft.common.entities.monster.EntityGiantBrainyZombie": [
    "sunburn",
    "hostile"
  ],
  "thaumcraft.common.entities.monster.EntityTaintChicken": [
    "float|-0.114,true",
    "hostile"
  ],
  "thaumcraft.common.entities.monster.EntityWisp": [
    "fly|false",
    "hostile"
  ],
  "thaumcraft.common.entities.monster.EntityTaintSwarm": [
    "fly|true",
    "hostile"
  ],
  "thehippomaster.MutantCreatures.MutantCreeper": [
    "hostile",
    "fallNegate"
  ],
  "thehippomaster.MutantCreatures.MutantEnderman": [
    "hostile",
    "fallNegate"
  ],
  "thehippomaster.MutantCreatures.MutantSkeleton": [
    "hostile",
    "fallNegate"
  ],
  "thehippomaster.MutantCreatures.MutantZombie": [
    "hostile",
    "fallNegate"
  ],
  "tropicraft.entities.EntityEagleRay": [
    "swim|false,1.8F,0.6F,true"
  ],
  "tropicraft.entities.passive.water.EntityTropicalFish": [
    "swim|false,1.8F,0.6F,true"
  ],
  "tropicraft.entities.passive.water.EntityStarfish": [
    "swim|false,1.8F,0.6F,true"
  ],
  "tropicraft.entities.passive.water.EntitySeaUrchin": [
    "swim|false,1.8F,0.6F,true"
  ],
  "tropicraft.entities.passive.water.EntitySeaTurtle": [
    "swim|true,1.8F,0.8F,true"
  ],
  "tropicraft.entities.passive.water.EntityMarlin": [
    "swim|false,1.8F,0.6F,true"
  ],
  "tropicraft.entities.passive.water.EntityManOWar": [
    "swim|false,1.8F,0.6F,true"
  ],
  "tropicraft.entities.passive.land.VMonkey": [
    "climb"
  ],
  "tropicraft.entities.passive.land.Iguana": [
    "hostile"
  ],
  "tropicraft.entities.passive.flying.Failgull": [
    "fly|true"
  ],
  "tropicraft.entities.hostile.land.tribes.ashen.AshenHunter": [
    "hostile"
  ],
  "tropicraft.entities.hostile.land.tribes.ashen.Ashen": [
    "hostile"
  ],
  "tropicraft.entities.hostile.land.Skeleton": [
    "hostile",
    "sunburn"
  ],
  "tropicraft.entities.hostile.land.Creeper": [
    "hostile"
  ],
  "tropicraft.entities.hostile.land.SpiderAdult": [
    "hostile",
    "climb"
  ],
  "tropicraft.entities.hostile.land.SpiderChild": [
    "hostile",
    "climb"
  ],
  "twilightforest.entity.EntityTFDeathTome": [
    "fly|true",
    "hostile"
  ],
  "twilightforest.entity.EntityTFFireBeetle": [
    "fireImmunity",
    "hostile"
  ],
  "twilightforest.entity.EntityTFHedgeSpider": [
    "climb",
    "hostile"
  ],
  "twilightforest.entity.EntityTFMiniGhast": [
    "fly|false",
    "hostile"
  ],
  "twilightforest.entity.EntityTFMosquitoSwarm": [
    "fly|true",
    "hostile"
  ],
  "twilightforest.entity.EntityTFPinchBeetle": [
    "hostile"
  ],
  "twilightforest.entity.EntityTFPenguin": [
    "float|-0.114,true"
  ],
  "twilightforest.entity.EntityTFSwarmSpider": [
    "climb",
    "hostile"
  ],
  "twilightforest.entity.EntityTFSquirrel": [
    "climb",
    "fallNegate"
  ],
  "twilightforest.entity.passive.EntityTFMobileFirefly": [
    "fly|true"
  ],
  "twilightforest.entity.passive.EntityTFRaven": [
    "fly|true"
  ],
  "twilightforest.entity.passive.EntityTFTinyBird": [
    "fly|true"
  ],
  
  
  "net.minecraft.entity.passive.EntityBat": [
    "fly|true"
  ],
  "net.minecraft.entity.monster.EntityBlaze": [
    "fly|false",
    "fireImmunity",
    "waterAllergy",
    "hostile"
  ],
  "net.minecraft.entity.monster.EntityCaveSpider": [
    "climb",
    "hostile",
    "poisonResistance",
	"potionEffect|19,140,0,false"
  ],
  "net.minecraft.entity.passive.EntityChicken": [
    "float|-0.114,true"
  ],
  "net.minecraft.entity.monster.EntityCreeper": [
    "hostile"
  ],
  "net.minecraft.entity.boss.EntityDragon": [
    "fly|false",
    "hostile"
  ],
  "net.minecraft.entity.monster.EntityEnderman": [
    "waterAllergy",
    "hostile"
  ],
  "net.minecraft.entity.monster.EntityGhast": [
    "fly|false",
    "fireImmunity",
    "hostile"
  ],
  "net.minecraft.entity.monster.EntityGolem": [
    "fallNegate"
  ],
  "net.minecraft.entity.monster.EntityGiantZombie": [
    "hostile"
  ],
  "net.minecraft.entity.passive.EntityHorse": [
    "step|1F"
  ],
  "net.minecraft.entity.monster.EntityIronGolem": [
    "fallNegate",
    "swim|true,1F,1F,false",
	"sink"
  ],
  "net.minecraft.entity.monster.EntityMagmaCube": [
    "fallNegate",
    "fireImmunity",
    "hostile",
	"sink"
  ],
  "net.minecraft.entity.passive.EntityOcelot": [
    "fallNegate",
	"fear|6,1.05D,net.minecraft.entity.monster.EntityCreeper"
  ],
  "net.minecraft.entity.monster.EntityPigZombie": [
    "fireImmunity",
    "hostile"
  ],
  "net.minecraft.entity.monster.EntitySilverfish": [
    "hostile"
  ],
  "net.minecraft.entity.monster.EntitySkeleton": [
    "fireImmunity",
    "hostile",
    "sunburn",
    "witherResistance",
	"potionEffect|20,200,0,false"
  ],
  "net.minecraft.entity.monster.EntitySlime": [
    "hostile",
	"sink"
  ],
  "net.minecraft.entity.monster.EntitySnowman": [
    "waterAllergy"
  ],
  "net.minecraft.entity.monster.EntitySpider": [
    "climb",
    "hostile"
  ],
  "net.minecraft.entity.passive.EntitySquid": [
    "swim|false,1.2F,0.4F,true"
  ],
  "net.minecraft.entity.boss.EntityWither": [
    "fly|false",
    "fireImmunity",
    "hostile",
    "witherResistance"
  ],
  "net.minecraft.entity.passive.EntityWolf": [
    "fear|6,1.05D,net.minecraft.entity.monster.EntitySkeleton"
  ],
  "net.minecraft.entity.monster.EntityZombie": [
    "hostile",
	"fear|9,0.6D,net.minecraft.entity.passive.EntityVillager",
    "sunburn"
  ]
}